{
    "3 Months (Oct'18 - Dec'18)": 21375092.108731367,
    "3 Months (Jan'19 - Mar'19)": 24630398.42447739,
    "3 Months (Apr'19 - Jun'19)": 23689559.87921427,
    "3 Months (Jul'19 - Sep'19)": 25182770.88937622,
    "3 Months (Oct'19 - Dec'19)": 21912121.515246462,
    "3 Months (Jan'20 - Mar'20)": 25242443.82504932,
    "3 Months (Apr'20 - Jun'20)": 15355931.656230547,
    "3 Months (Jul'20 - Sep'20)": 19119750.980571758,
    "3 Months (Oct'20 - Dec'20)": 19242286.645486537
}