{
    "3 Months (Oct'18 - Dec'18)": 6928012.791872409,
    "3 Months (Jan'19 - Mar'19)": 7088688.062888944,
    "3 Months (Apr'19 - Jun'19)": 6481171.395792337,
    "3 Months (Jul'19 - Sep'19)": 6551890.571163711,
    "3 Months (Oct'19 - Dec'19)": 5847304.992680849,
    "3 Months (Jan'20 - Mar'20)": 6445486.991528139,
    "3 Months (Apr'20 - Jun'20)": 5517970.880662283,
    "3 Months (Jul'20 - Sep'20)": 7067374.606055559,
    "3 Months (Oct'20 - Dec'20)": 6359051.331360035
}