{"3D Connexion": 752985.5908823493, "3M": 276859.33089476585, "ACP-EP": 781.8066486972148, "ASUS": 63100.70688910443, "AZiO": 7594.753302639403, "AbilityOne": 638820.2929011992, "Accessory Power": 718.021240515729, "Acer": 65347.8839742406, "Adesso": 2564522.464701757, "Air Technologies Inc": 16939.65756326713, "Alienware": 28255.272722137175, "Aluratek": 443.44253859348197, "Anker": 16891.235462004337, "Apple": 27187226.276747096, "Belkin": 193937.11177011457, "Cherry Corporation": 163740.49409199745, "Chester Creek Technologies": 1269.5080503144654, "Citrix": 422214.75364080665, "Codi Inc": 12886.232763215648, "ROCCAT": 68181.96105519736, "Contour": 140789.86468953508, "Contour Design": 2091779.9848117274, "Cooler Master Co.": 32337.531337758675, "Corsair": 897231.0863910763, "Dell": 6570437.04875836, "Digipower": 135.09523809523807, "Digital Innovations": 4309.000123860056, "Equix Computer": 6808.243956638941, "EVGA": 2871.5145552560653, "Evoluent Llc": 3460191.3834656347, "Fellowes": 420316.2149489033, "HyperX": 72134.07503547252, "G.Skill": 1940.7333333333333, "GearHead": 70.60377358490565, "General Electric": 15.349056603773585, "Genius": 107.88679245283019, "Gigabyte": 6328.7455721843, "Gold Touch": 805908.4566254726, "Grandtec USA": 20674.314291515624, "Gyration": 417928.11871590826, "HP": 4590485.507694438, "IBM": 301786.19347946363, "Inland": 4607.133213843315, "Insten": 29066.944297587706, "Iogear": 7274.902648329358, "Kensington": 3116984.7998003284, "Keytronic": 3558.385665532004, "Kinesis Corporation": 82264.9274367877, "Kingston Technology": 173325.26902662625, "Kodak": 64089.1555487158, "Lenovo": 2298696.488664868, "Logitech": 89817466.55016682, "MSI": 31408.711874385062, "Macally": 246139.1438044192, "Mad Catz": 11632.897321755196, "Man & Machine": 225496.13362068366, "Manhattan": 205178.77060387275, "Microsoft": 25840124.56724262, "Mionix": 6798.583827426529, "Monoprice": 3114.3096935389176, "Posturite Ltd.": 89623.31790594231, "Razer": 1529983.646422198, "Rosewill": 76380.8648320704, "SMK Link": 22717.134501989905, "Sakar": 507.09157336823375, "Seal Shield": 4203349.998625137, "Siig": 52409.52340307383, "SkilCraft": 238673.84689289166, "SteelSeries": 183055.64072166072, "Targus": 1219371.802635321, "Thermaltake Technologies": 2222.51207884097, "Toshiba": 830.3722723543889, "V7": 586088.7610336284, "Verbatim": 1978180.4163355757, "WOW Technologies Inc": 72276.94632199834, "Zalman": 88.75471698113208, "Zowie Gear": 11064.664838437411, "Esterline": 229652.33565406152, "iHome": 17883.644792869498, "All Other (Suppressed)": 10741463.223880246}