{"3D Connexion": 0.4851024210047938, "3M": 0.5043579103046866, "ASUS": 3.780023395020506, "Acer": 0.040092320951944684, "Adesso": 0.2543217448226669, "Apple": 0.260902455306287, "Belkin": 0.5900234774555083, "Citrix": 0.5551179081675917, "Contour": 0.19228716997621384, "Contour Design": 0.1375803098702125, "Cooler Master Co.": 0.5146729154149139, "Corsair": 0.5687794365107633, "Dell": 0.1438900234788324, "EVGA": 8.166736163002325, "Fellowes": 0.35999868019579334, "HyperX": 3.8672434421119894, "GearHead": 5.484858927114687, "Gigabyte": 0.6021714698090487, "Gyration": 0.3409160326244549, "HP": 1.299223961279715, "IBM": 1.4390388151689633, "Iogear": 3.2180254892164077, "Kensington": 0.5938912889194097, "Kingston Technology": 0.7140813855903303, "Lenovo": 0.7592686151180725, "Logitech": 0.23788666789990934, "MSI": 1.2785987496325342, "Macally": 0.21260145483791343, "Mad Catz": 7.237604138903367, "Microsoft": 0.3823656443480545, "Posturite Ltd.": 0.03274650964008073, "Razer": 0.022448395217476512, "SMK Link": 3.0370001038490577, "Siig": 0.39366490332020476, "SteelSeries": 3.254161985322947, "Targus": 0.3204839432332623, "Thermaltake Technologies": 0.14948663371488324, "Toshiba": 1.0388682305318664, "Verbatim": 0.222700382458388, "Zowie Gear": 0.13640285619402412, "All Other (Suppressed)": 0.3664909938762696}